# Old path -> New path mapping for reorganized templates

# Finance templates (12)
business/Finance & Accounting/ → finance/Corporate-Finance/

# Strategy templates (12)
business/Strategic Management/ → strategy/
business/digital-transformation-roadmap.md → strategy/
business/okr-implementation-framework.md → strategy/
business/swot-analysis-template.md → strategy/

# Operations templates (10)
business/Operations & Processes/ → operations/
business/lean-six-sigma-implementation.md → operations/

# Sales-Marketing templates (8)
business/Sales & Marketing/ → sales-marketing/

# Human Resources templates (14)
business/Human Resources/ → human-resources/
professional-services/human-resources/ → human-resources/

# Communication templates (33)
professional-services/communication/ → communication/

# Legal-Compliance templates (19)
professional-services/legal-compliance/ → legal-compliance/

# Design templates (12)
creative/Design & Visual/ → design/

# Content-Creation templates (21)
creative/Content Creation/ → content-creation/
creative/Entertainment/ → content-creation/Entertainment/
creative/arts-culture/ → content-creation/Arts-Culture/
creative/creative-writing-framework.md → content-creation/
creative/video-production-pipeline.md → content-creation/

# Media-Journalism templates (9)
creative/journalism/ → media-journalism/

# Marketing Creative templates (10)
creative/Marketing Creative/ → sales-marketing/Marketing-Creative/

# Social Media templates (2)
creative/social-media/ → sales-marketing/Social-Media/

# Industry templates distributed (48)
industry/manufacturing/ → operations/Manufacturing/
industry/transportation-logistics/ → operations/Transportation-Logistics/
industry/energy-utilities/ → operations/Energy-Utilities/
industry/construction/ → operations/Construction/
industry/hospitality/ → operations/Hospitality/
industry/agriculture/ → operations/Agriculture/
industry/retail-ecommerce/ → sales-marketing/Retail-Ecommerce/
industry/real-estate/ → sales-marketing/Real-Estate/
industry/fashion-beauty/ → design/Fashion/
industry/telecommunications/ → technology/Telecommunications/
industry/entertainment-gaming/ → content-creation/Gaming/

# Security templates (6 moved in Phase 1)
technology/Cybersecurity/ → security/Cybersecurity/

# Healthcare wellness (4 moved in Phase 1)
healthcare/wellness/ → healthcare/ (flattened)
